{"cameraMode":{"drawMode":0,"name":"Shaded","section":"Shading Mode"},"sceneLighting":true,"audioPlay":false,"sceneViewState":{"showFog":true,"showMaterialUpdate":true,"showSkybox":false,"showFlares":true,"showImageEffects":true,"showParticleSystems":true},"in2DMode":false,"pivot":{"x":0.39591270685195925,"y":0.43880367279052737,"z":-1.765777587890625},"rotation":{"x":-0.008669910952448845,"y":-0.9489336609840393,"z":0.314268559217453,"w":-0.026174873113632203},"size":31.518821716308595,"orthographic":false}